orden,municipio,departamento
1,Abejorral,Antioquia
2,Ábrego,Norte De Santander
3,Abriaquí,Antioquia
4,Acacías,Meta
5,Acandí,Chocó
6,Acevedo,Huila
7,Achí,Bolívar
8,Agrado,Huila
9,Agua De Dios,Cundinamarca
10,Aguachica,Cesar
11,Aguada,Santander
12,Aguadas,Caldas
13,Aguazul,Casanare
14,Agustín Codazzi,Cesar
15,Aipe,Huila
16,Albán,Cundinamarca
17,Albán,Nariño
18,Albania,Caquetá
19,Albania,La Guajira
20,Albania,Santander
21,Alcalá,Valle Del Cauca
22,Aldana,Nariño
23,Alejandría,Antioquia
24,Algarrobo,Magdalena
25,Algeciras,Huila
26,Almaguer,Cauca
27,Almeida,Boyacá
28,Alpujarra,Tolima
29,Altamira,Huila
30,Alto Baudó,Chocó
31,Altos Del Rosario,Bolívar
32,Alvarado,Tolima
33,Amagá,Antioquia
34,Amalfi,Antioquia
35,Ambalema,Tolima
36,Anapoima,Cundinamarca
37,Ancuyá,Nariño
38,Andalucía,Valle Del Cauca
39,Andes,Antioquia
40,Angelópolis,Antioquia
41,Angostura,Antioquia
42,Anolaima,Cundinamarca
43,Anorí,Antioquia
44,Anserma,Caldas
45,Ansermanuevo,Valle Del Cauca
46,Anzá,Antioquia
47,Anzoátegui,Tolima
48,Apartadó,Antioquia
49,Apía,Risaralda
50,Apulo,Cundinamarca
51,Aquitania,Boyacá
52,Aracataca,Magdalena
53,Aranzazu,Caldas
54,Aratoca,Santander
55,Arauca,Arauca
56,Arauquita,Arauca
57,Arbeláez,Cundinamarca
58,Arboleda,Nariño
59,Arboledas,Norte De Santander
60,Arboletes,Antioquia
61,Arcabuco,Boyacá
62,Arenal,Bolívar
63,Argelia,Antioquia
64,Argelia,Cauca
65,Argelia,Valle Del Cauca
66,Ariguaní,Magdalena
67,Arjona,Bolívar
68,Armenia,Antioquia
69,Armenia,Quindio
70,Armero Guayabal,Tolima
71,Arroyohondo,Bolívar
72,Astrea,Cesar
73,Ataco,Tolima
74,Atrato,Chocó
75,Ayapel,Córdoba
76,Bagadó,Chocó
77,Bahía Solano,Chocó
78,Bajo Baudó,Chocó
79,Balboa,Cauca
80,Balboa,Risaralda
81,Baranoa,Atlántico
82,Baraya,Huila
83,Barbacoas,Nariño
84,Barbosa,Antioquia
85,Barbosa,Santander
86,Barichara,Santander
87,Barranca De Upía,Meta
88,Barrancabermeja,Santander
89,Barrancas,La Guajira
90,Barranco De Loba,Bolívar
91,Barranquilla,Atlántico
92,Becerril,Cesar
93,Belalcázar,Caldas
94,Belén,Boyacá
95,Belén,Nariño
96,Belén De Los Andaquíes,Caquetá
97,Belén De Umbría,Risaralda
98,Bello,Antioquia
99,Belmira,Antioquia
100,Beltrán,Cundinamarca
101,Berbeo,Boyacá
102,Betania,Antioquia
103,Betéitiva,Boyacá
104,Betulia,Antioquia
105,Betulia,Santander
106,Bituima,Cundinamarca
107,Boavita,Boyacá
108,Bochalema,Norte De Santander
109,"Bogotá, D.C.","Bogotá, D.C."
110,Bojacá,Cundinamarca
111,Bojayá,Chocó
112,Bolívar,Cauca
113,Bolívar,Santander
114,Bolívar,Valle Del Cauca
115,Bosconia,Cesar
116,Boyacá,Boyacá
117,Briceño,Antioquia
118,Briceño,Boyacá
119,Bucaramanga,Santander
120,Bucarasica,Norte De Santander
121,Buenaventura,Valle Del Cauca
122,Buenavista,Boyacá
123,Buenavista,Córdoba
124,Buenavista,Quindio
125,Buenavista,Sucre
126,Buenos Aires,Cauca
127,Buesaco,Nariño
128,Bugalagrande,Valle Del Cauca
129,Buriticá,Antioquia
130,Busbanzá,Boyacá
131,Cabrera,Cundinamarca
132,Cabrera,Santander
133,Cabuyaro,Meta
134,Cáceres,Antioquia
135,Cachipay,Cundinamarca
136,Cáchira,Norte De Santander
137,Cácota,Norte De Santander
138,Caicedo,Antioquia
139,Caicedonia,Valle Del Cauca
140,Caimito,Sucre
141,Cajamarca,Tolima
142,Cajibío,Cauca
143,Cajicá,Cundinamarca
144,Calamar,Bolívar
145,Calamar,Guaviare
146,Calarcá,Quindio
147,Caldas,Antioquia
148,Caldas,Boyacá
149,Caldono,Cauca
150,Cali,Valle Del Cauca
151,California,Santander
152,Calima,Valle Del Cauca
153,Caloto,Cauca
154,Campamento,Antioquia
155,Campo De La Cruz,Atlántico
156,Campoalegre,Huila
157,Campohermoso,Boyacá
158,Canalete,Córdoba
159,Candelaria,Atlántico
160,Candelaria,Valle Del Cauca
161,Cantagallo,Bolívar
162,Cañasgordas,Antioquia
163,Caparrapí,Cundinamarca
164,Capitanejo,Santander
165,Cáqueza,Cundinamarca
166,Caracolí,Antioquia
167,Caramanta,Antioquia
168,Carcasí,Santander
169,Carepa,Antioquia
170,Carmen De Apicalá,Tolima
171,Carmen De Carupa,Cundinamarca
172,Carmen Del Darién,Chocó
173,Carolina,Antioquia
174,Cartagena De Indias,Bolívar
175,Cartagena Del Chairá,Caquetá
176,Cartago,Valle Del Cauca
177,Carurú,Vaupés
178,Casabianca,Tolima
179,Castilla La Nueva,Meta
180,Caucasia,Antioquia
181,Cepitá,Santander
182,Cereté,Córdoba
183,Cerinza,Boyacá
184,Cerrito,Santander
185,Cerro De San Antonio,Magdalena
186,Cértegui,Chocó
187,Chachagüí,Nariño
188,Chaguaní,Cundinamarca
189,Chalán,Sucre
190,Chámeza,Casanare
191,Chaparral,Tolima
192,Charalá,Santander
193,Charta,Santander
194,Chía,Cundinamarca
195,Chigorodó,Antioquia
196,Chima,Santander
197,Chimá,Córdoba
198,Chimichagua,Cesar
199,Chinácota,Norte De Santander
200,Chinavita,Boyacá
201,Chinchiná,Caldas
202,Chinú,Córdoba
203,Chipaque,Cundinamarca
204,Chipatá,Santander
205,Chiquinquirá,Boyacá
206,Chíquiza,Boyacá
207,Chiriguaná,Cesar
208,Chiscas,Boyacá
209,Chita,Boyacá
210,Chitagá,Norte De Santander
211,Chitaraque,Boyacá
212,Chivatá,Boyacá
213,Chivolo,Magdalena
214,Chivor,Boyacá
215,Choachí,Cundinamarca
216,Chocontá,Cundinamarca
217,Cicuco,Bolívar
218,Ciénaga,Magdalena
219,Ciénaga De Oro,Córdoba
220,Ciénega,Boyacá
221,Cimitarra,Santander
222,Circasia,Quindio
223,Cisneros,Antioquia
224,Ciudad Bolívar,Antioquia
225,Clemencia,Bolívar
226,Cocorná,Antioquia
227,Coello,Tolima
228,Cogua,Cundinamarca
229,Colombia,Huila
230,Colón,Nariño
231,Colón,Putumayo
232,Coloso,Sucre
233,Cómbita,Boyacá
234,Concepción,Antioquia
235,Concepción,Santander
236,Concordia,Antioquia
237,Concordia,Magdalena
238,Condoto,Chocó
239,Confines,Santander
240,Consacá,Nariño
241,Contadero,Nariño
242,Contratación,Santander
243,Convención,Norte De Santander
244,Copacabana,Antioquia
245,Coper,Boyacá
246,Córdoba,Bolívar
247,Córdoba,Nariño
248,Córdoba,Quindio
249,Corinto,Cauca
250,Coromoro,Santander
251,Corozal,Sucre
252,Corrales,Boyacá
253,Cota,Cundinamarca
254,Cotorra,Córdoba
255,Covarachía,Boyacá
256,Coveñas,Sucre
257,Coyaima,Tolima
258,Cravo Norte,Arauca
259,Cuaspúd,Nariño
260,Cubará,Boyacá
261,Cucaita,Boyacá
262,Cucunubá,Cundinamarca
263,Cúcuta,Norte De Santander
264,Cucutilla,Norte De Santander
265,Cuítiva,Boyacá
266,Cumaral,Meta
267,Cumaribo,Vichada
268,Cumbal,Nariño
269,Cumbitara,Nariño
270,Cunday,Tolima
271,Curillo,Caquetá
272,Curití,Santander
273,Curumaní,Cesar
274,Dabeiba,Antioquia
275,Dagua,Valle Del Cauca
276,Dibulla,La Guajira
277,Distracción,La Guajira
278,Dolores,Tolima
279,Donmatías,Antioquia
280,Dosquebradas,Risaralda
281,Duitama,Boyacá
282,Durania,Norte De Santander
283,Ebéjico,Antioquia
284,El Águila,Valle Del Cauca
285,El Bagre,Antioquia
286,El Banco,Magdalena
287,El Cairo,Valle Del Cauca
288,El Calvario,Meta
289,El Cantón Del San Pablo,Chocó
290,El Carmen,Norte De Santander
291,El Carmen De Atrato,Chocó
292,El Carmen De Bolívar,Bolívar
293,El Carmen De Chucurí,Santander
294,El Carmen De Viboral,Antioquia
295,El Castillo,Meta
296,El Cerrito,Valle Del Cauca
297,El Charco,Nariño
298,El Cocuy,Boyacá
299,El Colegio,Cundinamarca
300,El Copey,Cesar
301,El Doncello,Caquetá
302,El Dorado,Meta
303,El Dovio,Valle Del Cauca
304,El Espino,Boyacá
305,El Guacamayo,Santander
306,El Guamo,Bolívar
307,El Litoral Del San Juan,Chocó
308,El Molino,La Guajira
309,El Paso,Cesar
310,El Paujíl,Caquetá
311,El Peñol,Nariño
312,El Peñón,Bolívar
313,El Peñón,Cundinamarca
314,El Peñón,Santander
315,El Piñón,Magdalena
316,El Playón,Santander
317,El Retén,Magdalena
318,El Retorno,Guaviare
319,El Roble,Sucre
320,El Rosal,Cundinamarca
321,El Rosario,Nariño
322,El Santuario,Antioquia
323,El Tablón De Gómez,Nariño
324,El Tambo,Cauca
325,El Tambo,Nariño
326,El Tarra,Norte De Santander
327,El Zulia,Norte De Santander
328,Elías,Huila
329,Encino,Santander
330,Enciso,Santander
331,Entrerríos,Antioquia
332,Envigado,Antioquia
333,Espinal,Tolima
334,Facatativá,Cundinamarca
335,Falan,Tolima
336,Filadelfia,Caldas
337,Filandia,Quindio
338,Firavitoba,Boyacá
339,Flandes,Tolima
340,Florencia,Caquetá
341,Florencia,Cauca
342,Floresta,Boyacá
343,Florián,Santander
344,Florida,Valle Del Cauca
345,Floridablanca,Santander
346,Fómeque,Cundinamarca
347,Fonseca,La Guajira
348,Fortul,Arauca
349,Fosca,Cundinamarca
350,Francisco Pizarro,Nariño
351,Fredonia,Antioquia
352,Fresno,Tolima
353,Frontino,Antioquia
354,Fuente De Oro,Meta
355,Fundación,Magdalena
356,Funes,Nariño
357,Funza,Cundinamarca
358,Fúquene,Cundinamarca
359,Fusagasugá,Cundinamarca
360,Gachalá,Cundinamarca
361,Gachancipá,Cundinamarca
362,Gachantivá,Boyacá
363,Gachetá,Cundinamarca
364,Galán,Santander
365,Galapa,Atlántico
366,Galeras,Sucre
367,Gama,Cundinamarca
368,Gamarra,Cesar
369,Gámbita,Santander
370,Gámeza,Boyacá
371,Garagoa,Boyacá
372,Garzón,Huila
373,Génova,Quindio
374,Gigante,Huila
375,Ginebra,Valle Del Cauca
376,Giraldo,Antioquia
377,Girardot,Cundinamarca
378,Girardota,Antioquia
379,Girón,Santander
380,Gómez Plata,Antioquia
381,González,Cesar
382,Gramalote,Norte De Santander
383,Granada,Antioquia
384,Granada,Cundinamarca
385,Granada,Meta
386,Guaca,Santander
387,Guacamayas,Boyacá
388,Guacarí,Valle Del Cauca
389,Guachené,Cauca
390,Guachetá,Cundinamarca
391,Guachucal,Nariño
392,Guadalajara De Buga,Valle Del Cauca
393,Guadalupe,Antioquia
394,Guadalupe,Huila
395,Guadalupe,Santander
396,Guaduas,Cundinamarca
397,Guaitarilla,Nariño
398,Gualmatán,Nariño
399,Guamal,Magdalena
400,Guamal,Meta
401,Guamo,Tolima
402,Guapí,Cauca
403,Guapotá,Santander
404,Guaranda,Sucre
405,Guarne,Antioquia
406,Guasca,Cundinamarca
407,Guatapé,Antioquia
408,Guataquí,Cundinamarca
409,Guatavita,Cundinamarca
410,Guateque,Boyacá
411,Guática,Risaralda
412,Guavatá,Santander
413,Guayabal De Síquima,Cundinamarca
414,Guayabetal,Cundinamarca
415,Guayatá,Boyacá
416,Güepsa,Santander
417,Güicán,Boyacá
418,Gutiérrez,Cundinamarca
419,Hacarí,Norte De Santander
420,Hatillo De Loba,Bolívar
421,Hato,Santander
422,Hato Corozal,Casanare
423,Hatonuevo,La Guajira
424,Heliconia,Antioquia
425,Herrán,Norte De Santander
426,Herveo,Tolima
427,Hispania,Antioquia
428,Hobo,Huila
429,Honda,Tolima
430,Ibagué,Tolima
431,Icononzo,Tolima
432,Iles,Nariño
433,Imués,Nariño
434,Inírida,Guainía
435,Inzá,Cauca
436,Ipiales,Nariño
437,Íquira,Huila
438,Isnos,Huila
439,Istmina,Chocó
440,Itagüí,Antioquia
441,Ituango,Antioquia
442,Iza,Boyacá
443,Jambaló,Cauca
444,Jamundí,Valle Del Cauca
445,Jardín,Antioquia
446,Jenesano,Boyacá
447,Jericó,Antioquia
448,Jericó,Boyacá
449,Jerusalén,Cundinamarca
450,Jesús María,Santander
451,Jordán,Santander
452,Juan De Acosta,Atlántico
453,Junín,Cundinamarca
454,Juradó,Chocó
455,La Apartada,Córdoba
456,La Argentina,Huila
457,La Belleza,Santander
458,La Calera,Cundinamarca
459,La Capilla,Boyacá
460,La Ceja,Antioquia
461,La Celia,Risaralda
462,La Cruz,Nariño
463,La Cumbre,Valle Del Cauca
464,La Dorada,Caldas
465,La Esperanza,Norte De Santander
466,La Estrella,Antioquia
467,La Florida,Nariño
468,La Gloria,Cesar
469,La Jagua De Ibirico,Cesar
470,La Jagua Del Pilar,La Guajira
471,La Llanada,Nariño
472,La Macarena,Meta
473,La Merced,Caldas
474,La Mesa,Cundinamarca
475,La Montañita,Caquetá
476,La Palma,Cundinamarca
477,La Paz,Cesar
478,La Paz,Santander
479,La Peña,Cundinamarca
480,La Pintada,Antioquia
481,La Plata,Huila
482,La Playa,Norte De Santander
483,La Primavera,Vichada
484,La Salina,Casanare
485,La Sierra,Cauca
486,La Tebaida,Quindio
487,La Tola,Nariño
488,La Unión,Antioquia
489,La Unión,Nariño
490,La Unión,Sucre
491,La Unión,Valle Del Cauca
492,La Uvita,Boyacá
493,La Vega,Cauca
494,La Vega,Cundinamarca
495,La Victoria,Boyacá
496,La Victoria,Valle Del Cauca
497,La Virginia,Risaralda
498,Labateca,Norte De Santander
499,Labranzagrande,Boyacá
500,Landázuri,Santander
501,Lebrija,Santander
502,Leiva,Nariño
503,Lejanías,Meta
504,Lenguazaque,Cundinamarca
505,Lérida,Tolima
506,Leticia,Amazonas
507,Líbano,Tolima
508,Liborina,Antioquia
509,Linares,Nariño
510,Lloró,Chocó
511,López De Micay,Cauca
512,Lorica,Córdoba
513,Los Andes,Nariño
514,Los Córdobas,Córdoba
515,Los Palmitos,Sucre
516,Los Patios,Norte De Santander
517,Los Santos,Santander
518,Lourdes,Norte De Santander
519,Luruaco,Atlántico
520,Macanal,Boyacá
521,Macaravita,Santander
522,Maceo,Antioquia
523,Machetá,Cundinamarca
524,Madrid,Cundinamarca
525,Magangué,Bolívar
526,Magüí,Nariño
527,Mahates,Bolívar
528,Maicao,La Guajira
529,Majagual,Sucre
530,Málaga,Santander
531,Malambo,Atlántico
532,Mallama,Nariño
533,Manatí,Atlántico
534,Manaure,La Guajira
535,Manaure Balcón Del Cesar,Cesar
536,Maní,Casanare
537,Manizales,Caldas
538,Manta,Cundinamarca
539,Manzanares,Caldas
540,Mapiripán,Meta
541,Margarita,Bolívar
542,María La Baja,Bolívar
543,Marinilla,Antioquia
544,Maripí,Boyacá
545,Marmato,Caldas
546,Marquetalia,Caldas
547,Marsella,Risaralda
548,Marulanda,Caldas
549,Matanza,Santander
550,Medellín,Antioquia
551,Medina,Cundinamarca
552,Medio Atrato,Chocó
553,Medio Baudó,Chocó
554,Medio San Juan,Chocó
555,Melgar,Tolima
556,Mercaderes,Cauca
557,Mesetas,Meta
558,Milán,Caquetá
559,Miraflores,Boyacá
560,Miraflores,Guaviare
561,Miranda,Cauca
562,Mistrató,Risaralda
563,Mitú,Vaupés
564,Mocoa,Putumayo
565,Mogotes,Santander
566,Molagavita,Santander
567,Momil,Córdoba
568,Mompós,Bolívar
569,Mongua,Boyacá
570,Monguí,Boyacá
571,Moniquirá,Boyacá
572,Montebello,Antioquia
573,Montecristo,Bolívar
574,Montelíbano,Córdoba
575,Montenegro,Quindio
576,Montería,Córdoba
577,Monterrey,Casanare
578,Moñitos,Córdoba
579,Morales,Bolívar
580,Morales,Cauca
581,Morelia,Caquetá
582,Morroa,Sucre
583,Mosquera,Cundinamarca
584,Mosquera,Nariño
585,Motavita,Boyacá
586,Murillo,Tolima
587,Murindó,Antioquia
588,Mutatá,Antioquia
589,Mutiscua,Norte De Santander
590,Muzo,Boyacá
591,Nariño,Antioquia
592,Nariño,Cundinamarca
593,Nariño,Nariño
594,Nátaga,Huila
595,Natagaima,Tolima
596,Nechí,Antioquia
597,Necoclí,Antioquia
598,Neira,Caldas
599,Neiva,Huila
600,Nemocón,Cundinamarca
601,Nilo,Cundinamarca
602,Nimaima,Cundinamarca
603,Nobsa,Boyacá
604,Nocaima,Cundinamarca
605,Norcasia,Caldas
606,Norosí,Bolívar
607,Nóvita,Chocó
608,Nueva Granada,Magdalena
609,Nuevo Colón,Boyacá
610,Nunchía,Casanare
611,Nuquí,Chocó
612,Obando,Valle Del Cauca
613,Ocamonte,Santander
614,Ocaña,Norte De Santander
615,Oiba,Santander
616,Oicatá,Boyacá
617,Olaya,Antioquia
618,Olaya Herrera,Nariño
619,Onzaga,Santander
620,Oporapa,Huila
621,Orito,Putumayo
622,Orocué,Casanare
623,Ortega,Tolima
624,Ospina,Nariño
625,Otanche,Boyacá
626,Ovejas,Sucre
627,Pachavita,Boyacá
628,Pacho,Cundinamarca
629,Pácora,Caldas
630,Padilla,Cauca
631,Páez,Boyacá
632,Páez,Cauca
633,Paicol,Huila
634,Pailitas,Cesar
635,Paime,Cundinamarca
636,Paipa,Boyacá
637,Pajarito,Boyacá
638,Palermo,Huila
639,Palestina,Caldas
640,Palestina,Huila
641,Palmar,Santander
642,Palmar De Varela,Atlántico
643,Palmas Del Socorro,Santander
644,Palmira,Valle Del Cauca
645,Palmito,Sucre
646,Palocabildo,Tolima
647,Pamplona,Norte De Santander
648,Pamplonita,Norte De Santander
649,Pandi,Cundinamarca
650,Panqueba,Boyacá
651,Páramo,Santander
652,Paratebueno,Cundinamarca
653,Pasca,Cundinamarca
654,Pasto,Nariño
655,Patía,Cauca
656,Pauna,Boyacá
657,Paya,Boyacá
658,Paz De Ariporo,Casanare
659,Paz De Río,Boyacá
660,Pedraza,Magdalena
661,Pelaya,Cesar
662,Pensilvania,Caldas
663,Peñol,Antioquia
664,Peque,Antioquia
665,Pereira,Risaralda
666,Pesca,Boyacá
667,Piamonte,Cauca
668,Piedecuesta,Santander
669,Piedras,Tolima
670,Piendamó,Cauca
671,Pijao,Quindio
672,Pijiño Del Carmen,Magdalena
673,Pinchote,Santander
674,Pinillos,Bolívar
675,Piojó,Atlántico
676,Pisba,Boyacá
677,Pital,Huila
678,Pitalito,Huila
679,Pivijay,Magdalena
680,Planadas,Tolima
681,Planeta Rica,Córdoba
682,Plato,Magdalena
683,Policarpa,Nariño
684,Polonuevo,Atlántico
685,Ponedera,Atlántico
686,Popayán,Cauca
687,Pore,Casanare
688,Potosí,Nariño
689,Pradera,Valle Del Cauca
690,Prado,Tolima
691,Providencia,Nariño
692,Providencia,"Archipiélago De San Andrés, Providencia Y Santa Catalina"
693,Pueblo Bello,Cesar
694,Pueblo Nuevo,Córdoba
695,Pueblo Rico,Risaralda
696,Pueblorrico,Antioquia
697,Puebloviejo,Magdalena
698,Puente Nacional,Santander
699,Puerres,Nariño
700,Puerto Asís,Putumayo
701,Puerto Berrío,Antioquia
702,Puerto Boyacá,Boyacá
703,Puerto Caicedo,Putumayo
704,Puerto Carreño,Vichada
705,Puerto Colombia,Atlántico
706,Puerto Concordia,Meta
707,Puerto Escondido,Córdoba
708,Puerto Gaitán,Meta
709,Puerto Guzmán,Putumayo
710,Puerto Leguízamo,Putumayo
711,Puerto Libertador,Córdoba
712,Puerto Lleras,Meta
713,Puerto López,Meta
714,Puerto Nare,Antioquia
715,Puerto Nariño,Amazonas
716,Puerto Parra,Santander
717,Puerto Rico,Caquetá
718,Puerto Rico,Meta
719,Puerto Rondón,Arauca
720,Puerto Salgar,Cundinamarca
721,Puerto Santander,Norte De Santander
722,Puerto Tejada,Cauca
723,Puerto Triunfo,Antioquia
724,Puerto Wilches,Santander
725,Pulí,Cundinamarca
726,Pupiales,Nariño
727,Puracé,Cauca
728,Purificación,Tolima
729,Purísima De La Concepción,Córdoba
730,Quebradanegra,Cundinamarca
731,Quetame,Cundinamarca
732,Quibdó,Chocó
733,Quimbaya,Quindio
734,Quinchía,Risaralda
735,Quípama,Boyacá
736,Quipile,Cundinamarca
737,Ragonvalia,Norte De Santander
738,Ramiriquí,Boyacá
739,Ráquira,Boyacá
740,Recetor,Casanare
741,Regidor,Bolívar
742,Remedios,Antioquia
743,Remolino,Magdalena
744,Repelón,Atlántico
745,Restrepo,Meta
746,Restrepo,Valle Del Cauca
747,Retiro,Antioquia
748,Ricaurte,Cundinamarca
749,Ricaurte,Nariño
750,Río De Oro,Cesar
751,Río Iró,Chocó
752,Río Quito,Chocó
753,Río Viejo,Bolívar
754,Rioblanco,Tolima
755,Riofrío,Valle Del Cauca
756,Riohacha,La Guajira
757,Rionegro,Antioquia
758,Rionegro,Santander
759,Riosucio,Caldas
760,Riosucio,Chocó
761,Risaralda,Caldas
762,Rivera,Huila
763,Roberto Payán,Nariño
764,Roldanillo,Valle Del Cauca
765,Roncesvalles,Tolima
766,Rondón,Boyacá
767,Rosas,Cauca
768,Rovira,Tolima
769,Sabana De Torres,Santander
770,Sabanagrande,Atlántico
771,Sabanalarga,Antioquia
772,Sabanalarga,Atlántico
773,Sabanalarga,Casanare
774,Sabanas De San Ángel,Magdalena
775,Sabaneta,Antioquia
776,Saboyá,Boyacá
777,Sácama,Casanare
778,Sáchica,Boyacá
779,Sahagún,Córdoba
780,Saladoblanco,Huila
781,Salamina,Caldas
782,Salamina,Magdalena
783,Salazar,Norte De Santander
784,Saldaña,Tolima
785,Salento,Quindio
786,Salgar,Antioquia
787,Samacá,Boyacá
788,Samaná,Caldas
789,Samaniego,Nariño
790,Sampués,Sucre
791,San Agustín,Huila
792,San Alberto,Cesar
793,San Andrés,Santander
794,San Andrés,"Archipiélago De San Andrés, Providencia Y Santa Catalina"
795,San Andrés De Cuerquía,Antioquia
796,San Andrés De Sotavento,Córdoba
797,San Andrés De Tumaco,Nariño
798,San Antero,Córdoba
799,San Antonio,Tolima
800,San Antonio Del Tequendama,Cundinamarca
801,San Benito,Santander
802,San Benito Abad,Sucre
803,San Bernardo,Cundinamarca
804,San Bernardo,Nariño
805,San Bernardo Del Viento,Córdoba
806,San Calixto,Norte De Santander
807,San Carlos,Antioquia
808,San Carlos,Córdoba
809,San Carlos De Guaroa,Meta
810,San Cayetano,Cundinamarca
811,San Cayetano,Norte De Santander
812,San Cristóbal,Bolívar
813,San Diego,Cesar
814,San Eduardo,Boyacá
815,San Estanislao,Bolívar
816,San Fernando,Bolívar
817,San Francisco,Antioquia
818,San Francisco,Cundinamarca
819,San Francisco,Putumayo
820,San Gil,Santander
821,San Jacinto,Bolívar
822,San Jacinto Del Cauca,Bolívar
823,San Jerónimo,Antioquia
824,San Joaquín,Santander
825,San José,Caldas
826,San José De La Montaña,Antioquia
827,San José De Miranda,Santander
828,San José De Pare,Boyacá
829,San José De Uré,Córdoba
830,San José Del Fragua,Caquetá
831,San José Del Guaviare,Guaviare
832,San José Del Palmar,Chocó
833,San Juan De Arama,Meta
834,San Juan De Betulia,Sucre
835,San Juan De Rioseco,Cundinamarca
836,San Juan De Urabá,Antioquia
837,San Juan Del Cesar,La Guajira
838,San Juan Nepomuceno,Bolívar
839,San Juanito,Meta
840,San Lorenzo,Nariño
841,San Luis,Antioquia
842,San Luis,Tolima
843,San Luis De Cubarral,Meta
844,San Luis De Gaceno,Boyacá
845,San Luis De Palenque,Casanare
846,San Luis De Sincé,Sucre
847,San Marcos,Sucre
848,San Martín,Cesar
849,San Martín,Meta
850,San Martín De Loba,Bolívar
851,San Mateo,Boyacá
852,San Miguel,Santander
853,San Miguel,Putumayo
854,San Miguel De Sema,Boyacá
855,San Onofre,Sucre
856,San Pablo,Bolívar
857,San Pablo,Nariño
858,San Pablo De Borbur,Boyacá
859,San Pedro,Sucre
860,San Pedro,Valle Del Cauca
861,San Pedro De Cartago,Nariño
862,San Pedro De Los Milagros,Antioquia
863,San Pedro De Urabá,Antioquia
864,San Pelayo,Córdoba
865,San Rafael,Antioquia
866,San Roque,Antioquia
867,San Sebastián,Cauca
868,San Sebastián De Buenavista,Magdalena
869,San Sebastián De Mariquita,Tolima
870,San Vicente De Chucurí,Santander
871,San Vicente Del Caguán,Caquetá
872,San Vicente Ferrer,Antioquia
873,San Zenón,Magdalena
874,Sandoná,Nariño
875,Santa Ana,Magdalena
876,Santa Bárbara,Antioquia
877,Santa Bárbara,Nariño
878,Santa Bárbara,Santander
879,Santa Bárbara De Pinto,Magdalena
880,Santa Catalina,Bolívar
881,Santa Fé De Antioquia,Antioquia
882,Santa Helena Del Opón,Santander
883,Santa Isabel,Tolima
884,Santa Lucía,Atlántico
885,Santa María,Boyacá
886,Santa María,Huila
887,Santa Marta,Magdalena
888,Santa Rosa,Bolívar
889,Santa Rosa,Cauca
890,Santa Rosa De Cabal,Risaralda
891,Santa Rosa De Osos,Antioquia
892,Santa Rosa De Viterbo,Boyacá
893,Santa Rosa Del Sur,Bolívar
894,Santa Rosalía,Vichada
895,Santa Sofía,Boyacá
896,Santacruz,Nariño
897,Santana,Boyacá
898,Santander De Quilichao,Cauca
899,Santiago,Norte De Santander
900,Santiago,Putumayo
901,Santiago De Tolú,Sucre
902,Santo Domingo,Antioquia
903,Santo Tomás,Atlántico
904,Santuario,Risaralda
905,Sapuyes,Nariño
906,Saravena,Arauca
907,Sardinata,Norte De Santander
908,Sasaima,Cundinamarca
909,Sativanorte,Boyacá
910,Sativasur,Boyacá
911,Segovia,Antioquia
912,Sesquilé,Cundinamarca
913,Sevilla,Valle Del Cauca
914,Siachoque,Boyacá
915,Sibaté,Cundinamarca
916,Sibundoy,Putumayo
917,Silos,Norte De Santander
918,Silvania,Cundinamarca
919,Silvia,Cauca
920,Simacota,Santander
921,Simijaca,Cundinamarca
922,Simití,Bolívar
923,Sincelejo,Sucre
924,Sipí,Chocó
925,Sitionuevo,Magdalena
926,Soacha,Cundinamarca
927,Soatá,Boyacá
928,Socha,Boyacá
929,Socorro,Santander
930,Socotá,Boyacá
931,Sogamoso,Boyacá
932,Solano,Caquetá
933,Soledad,Atlántico
934,Solita,Caquetá
935,Somondoco,Boyacá
936,Sonsón,Antioquia
937,Sopetrán,Antioquia
938,Soplaviento,Bolívar
939,Sopó,Cundinamarca
940,Sora,Boyacá
941,Soracá,Boyacá
942,Sotaquirá,Boyacá
943,Sotara,Cauca
944,Suaita,Santander
945,Suan,Atlántico
946,Suárez,Cauca
947,Suárez,Tolima
948,Suaza,Huila
949,Subachoque,Cundinamarca
950,Sucre,Cauca
951,Sucre,Santander
952,Sucre,Sucre
953,Suesca,Cundinamarca
954,Supatá,Cundinamarca
955,Supía,Caldas
956,Suratá,Santander
957,Susa,Cundinamarca
958,Susacón,Boyacá
959,Sutamarchán,Boyacá
960,Sutatausa,Cundinamarca
961,Sutatenza,Boyacá
962,Tabio,Cundinamarca
963,Tadó,Chocó
964,Talaigua Nuevo,Bolívar
965,Tamalameque,Cesar
966,Támara,Casanare
967,Tame,Arauca
968,Támesis,Antioquia
969,Taminango,Nariño
970,Tangua,Nariño
971,Taraira,Vaupés
972,Tarazá,Antioquia
973,Tarqui,Huila
974,Tarso,Antioquia
975,Tasco,Boyacá
976,Tauramena,Casanare
977,Tausa,Cundinamarca
978,Tello,Huila
979,Tena,Cundinamarca
980,Tenerife,Magdalena
981,Tenjo,Cundinamarca
982,Tenza,Boyacá
983,Teorama,Norte De Santander
984,Teruel,Huila
985,Tesalia,Huila
986,Tibacuy,Cundinamarca
987,Tibaná,Boyacá
988,Tibasosa,Boyacá
989,Tibirita,Cundinamarca
990,Tibú,Norte De Santander
991,Tierralta,Córdoba
992,Timaná,Huila
993,Timbío,Cauca
994,Timbiquí,Cauca
995,Tinjacá,Boyacá
996,Tipacoque,Boyacá
997,Tiquisio,Bolívar
998,Titiribí,Antioquia
999,Toca,Boyacá
1000,Tocaima,Cundinamarca
1001,Tocancipá,Cundinamarca
1002,Togüí,Boyacá
1003,Toledo,Antioquia
1004,Toledo,Norte De Santander
1005,Tolú Viejo,Sucre
1006,Tona,Santander
1007,Tópaga,Boyacá
1008,Topaipí,Cundinamarca
1009,Toribío,Cauca
1010,Toro,Valle Del Cauca
1011,Tota,Boyacá
1012,Totoró,Cauca
1013,Trinidad,Casanare
1014,Trujillo,Valle Del Cauca
1015,Tubará,Atlántico
1016,Tuchín,Córdoba
1017,Tuluá,Valle Del Cauca
1018,Tunja,Boyacá
1019,Tununguá,Boyacá
1020,Túquerres,Nariño
1021,Turbaco,Bolívar
1022,Turbaná,Bolívar
1023,Turbo,Antioquia
1024,Turmequé,Boyacá
1025,Tuta,Boyacá
1026,Tutazá,Boyacá
1027,Ubalá,Cundinamarca
1028,Ubaque,Cundinamarca
1029,Ulloa,Valle Del Cauca
1030,Úmbita,Boyacá
1031,Une,Cundinamarca
1032,Unguía,Chocó
1033,Unión Panamericana,Chocó
1034,Uramita,Antioquia
1035,Uribe,Meta
1036,Uribia,La Guajira
1037,Urrao,Antioquia
1038,Urumita,La Guajira
1039,Usiacurí,Atlántico
1040,Útica,Cundinamarca
1041,Valdivia,Antioquia
1042,Valencia,Córdoba
1043,Valle De San José,Santander
1044,Valle De San Juan,Tolima
1045,Valle Del Guamuez,Putumayo
1046,Valledupar,Cesar
1047,Valparaíso,Antioquia
1048,Valparaíso,Caquetá
1049,Vegachí,Antioquia
1050,Vélez,Santander
1051,Venadillo,Tolima
1052,Venecia,Antioquia
1053,Venecia,Cundinamarca
1054,Ventaquemada,Boyacá
1055,Vergara,Cundinamarca
1056,Versalles,Valle Del Cauca
1057,Vetas,Santander
1058,Vianí,Cundinamarca
1059,Victoria,Caldas
1060,Vigía Del Fuerte,Antioquia
1061,Vijes,Valle Del Cauca
1062,Villa Caro,Norte De Santander
1063,Villa De Leyva,Boyacá
1064,Villa De San Diego De Ubaté,Cundinamarca
1065,Villa Del Rosario,Norte De Santander
1066,Villa Rica,Cauca
1067,Villagarzón,Putumayo
1068,Villagómez,Cundinamarca
1069,Villahermosa,Tolima
1070,Villamaría,Caldas
1071,Villanueva,Bolívar
1072,Villanueva,La Guajira
1073,Villanueva,Santander
1074,Villanueva,Casanare
1075,Villapinzón,Cundinamarca
1076,Villarrica,Tolima
1077,Villavicencio,Meta
1078,Villavieja,Huila
1079,Villeta,Cundinamarca
1080,Viotá,Cundinamarca
1081,Viracachá,Boyacá
1082,Vistahermosa,Meta
1083,Viterbo,Caldas
1084,Yacopí,Cundinamarca
1085,Yacuanquer,Nariño
1086,Yaguará,Huila
1087,Yalí,Antioquia
1088,Yarumal,Antioquia
1089,Yolombó,Antioquia
1090,Yondó,Antioquia
1091,Yopal,Casanare
1092,Yotoco,Valle Del Cauca
1093,Yumbo,Valle Del Cauca
1094,Zambrano,Bolívar
1095,Zapatoca,Santander
1096,Zapayán,Magdalena
1097,Zaragoza,Antioquia
1098,Zarzal,Valle Del Cauca
1099,Zetaquira,Boyacá
1100,Zipacón,Cundinamarca
1101,Zipaquirá,Cundinamarca
1102,Zona Bananera,Magdalena
