obligacion,subtipo,digito_o_rango,fecha_vencimiento
Renta Grandes Contribuyentes,1a cuota (feb),1,2026-02-10
Renta Grandes Contribuyentes,1a cuota (feb),2,2026-02-11
Renta Grandes Contribuyentes,1a cuota (feb),3,2026-02-12
Renta Grandes Contribuyentes,1a cuota (feb),4,2026-02-13
Renta Grandes Contribuyentes,1a cuota (feb),5,2026-02-16
Renta Grandes Contribuyentes,1a cuota (feb),6,2026-02-17
Renta Grandes Contribuyentes,1a cuota (feb),7,2026-02-18
Renta Grandes Contribuyentes,1a cuota (feb),8,2026-02-19
Renta Grandes Contribuyentes,1a cuota (feb),9,2026-02-20
Renta Grandes Contribuyentes,1a cuota (feb),0,2026-02-23
Renta Grandes Contribuyentes,2a cuota / declaración (abr),1,2026-04-13
Renta Grandes Contribuyentes,2a cuota / declaración (abr),2,2026-04-14
Renta Grandes Contribuyentes,2a cuota / declaración (abr),3,2026-04-15
Renta Grandes Contribuyentes,2a cuota / declaración (abr),4,2026-04-16
Renta Grandes Contribuyentes,2a cuota / declaración (abr),5,2026-04-20
Renta Grandes Contribuyentes,2a cuota / declaración (abr),6,2026-04-21
Renta Grandes Contribuyentes,2a cuota / declaración (abr),7,2026-04-22
Renta Grandes Contribuyentes,2a cuota / declaración (abr),8,2026-04-23
Renta Grandes Contribuyentes,2a cuota / declaración (abr),9,2026-04-24
Renta Grandes Contribuyentes,2a cuota / declaración (abr),0,2026-04-27
Renta Grandes Contribuyentes,3a cuota (jun),1,2026-06-10
Renta Grandes Contribuyentes,3a cuota (jun),2,2026-06-11
Renta Grandes Contribuyentes,3a cuota (jun),3,2026-06-12
Renta Grandes Contribuyentes,3a cuota (jun),4,2026-06-16
Renta Grandes Contribuyentes,3a cuota (jun),5,2026-06-17
Renta Grandes Contribuyentes,3a cuota (jun),6,2026-06-18
Renta Grandes Contribuyentes,3a cuota (jun),7,2026-06-19
Renta Grandes Contribuyentes,3a cuota (jun),8,2026-06-22
Renta Grandes Contribuyentes,3a cuota (jun),9,2026-06-23
Renta Grandes Contribuyentes,3a cuota (jun),0,2026-06-24
Renta Persona Jurídica,1a cuota / declaración (may),1,2026-05-12
Renta Persona Jurídica,1a cuota / declaración (may),2,2026-05-13
Renta Persona Jurídica,1a cuota / declaración (may),3,2026-05-14
Renta Persona Jurídica,1a cuota / declaración (may),4,2026-05-15
Renta Persona Jurídica,1a cuota / declaración (may),5,2026-05-19
Renta Persona Jurídica,1a cuota / declaración (may),6,2026-05-20
Renta Persona Jurídica,1a cuota / declaración (may),7,2026-05-21
Renta Persona Jurídica,1a cuota / declaración (may),8,2026-05-22
Renta Persona Jurídica,1a cuota / declaración (may),9,2026-05-25
Renta Persona Jurídica,1a cuota / declaración (may),0,2026-05-26
Renta Persona Jurídica,2a cuota (jul),1,2026-07-09
Renta Persona Jurídica,2a cuota (jul),2,2026-07-10
Renta Persona Jurídica,2a cuota (jul),3,2026-07-14
Renta Persona Jurídica,2a cuota (jul),4,2026-07-15
Renta Persona Jurídica,2a cuota (jul),5,2026-07-16
Renta Persona Jurídica,2a cuota (jul),6,2026-07-17
Renta Persona Jurídica,2a cuota (jul),7,2026-07-21
Renta Persona Jurídica,2a cuota (jul),8,2026-07-22
Renta Persona Jurídica,2a cuota (jul),9,2026-07-23
Renta Persona Jurídica,2a cuota (jul),0,2026-07-24
Renta Persona Natural,declaración y pago (ago-oct),01-02,2026-08-12
Renta Persona Natural,declaración y pago (ago-oct),03-04,2026-08-13
Renta Persona Natural,declaración y pago (ago-oct),05-06,2026-08-14
Renta Persona Natural,declaración y pago (ago-oct),07-08,2026-08-18
Renta Persona Natural,declaración y pago (ago-oct),09-10,2026-08-19
Renta Persona Natural,declaración y pago (ago-oct),11-12,2026-08-20
Renta Persona Natural,declaración y pago (ago-oct),13-14,2026-08-21
Renta Persona Natural,declaración y pago (ago-oct),15-16,2026-08-24
Renta Persona Natural,declaración y pago (ago-oct),17-18,2026-08-25
Renta Persona Natural,declaración y pago (ago-oct),19-20,2026-08-26
Renta Persona Natural,declaración y pago (ago-oct),21-22,2026-08-27
Renta Persona Natural,declaración y pago (ago-oct),23-24,2026-08-28
Renta Persona Natural,declaración y pago (ago-oct),25-26,2026-08-31
Renta Persona Natural,declaración y pago (ago-oct),27-28,2026-09-01
Renta Persona Natural,declaración y pago (ago-oct),29-30,2026-09-02
Renta Persona Natural,declaración y pago (ago-oct),31-32,2026-09-03
Renta Persona Natural,declaración y pago (ago-oct),33-34,2026-09-04
Renta Persona Natural,declaración y pago (ago-oct),35-36,2026-09-07
Renta Persona Natural,declaración y pago (ago-oct),37-38,2026-09-08
Renta Persona Natural,declaración y pago (ago-oct),39-40,2026-09-09
Renta Persona Natural,declaración y pago (ago-oct),41-42,2026-09-10
Renta Persona Natural,declaración y pago (ago-oct),43-44,2026-09-11
Renta Persona Natural,declaración y pago (ago-oct),45-46,2026-09-14
Renta Persona Natural,declaración y pago (ago-oct),47-48,2026-09-15
Renta Persona Natural,declaración y pago (ago-oct),49-50,2026-09-16
Renta Persona Natural,declaración y pago (ago-oct),51-52,2026-09-17
Renta Persona Natural,declaración y pago (ago-oct),53-54,2026-09-18
Renta Persona Natural,declaración y pago (ago-oct),55-56,2026-09-21
Renta Persona Natural,declaración y pago (ago-oct),57-58,2026-09-22
Renta Persona Natural,declaración y pago (ago-oct),59-60,2026-09-23
Renta Persona Natural,declaración y pago (ago-oct),61-62,2026-09-24
Renta Persona Natural,declaración y pago (ago-oct),63-64,2026-09-25
Renta Persona Natural,declaración y pago (ago-oct),65-66,2026-09-28
Renta Persona Natural,declaración y pago (ago-oct),67-68,2026-10-01
Renta Persona Natural,declaración y pago (ago-oct),69-70,2026-10-02
Renta Persona Natural,declaración y pago (ago-oct),71-72,2026-10-05
Renta Persona Natural,declaración y pago (ago-oct),73-74,2026-10-06
Renta Persona Natural,declaración y pago (ago-oct),75-76,2026-10-07
Renta Persona Natural,declaración y pago (ago-oct),77-78,2026-10-08
Renta Persona Natural,declaración y pago (ago-oct),79-80,2026-10-09
Renta Persona Natural,declaración y pago (ago-oct),81-82,2026-10-13
Renta Persona Natural,declaración y pago (ago-oct),83-84,2026-10-14
Renta Persona Natural,declaración y pago (ago-oct),85-86,2026-10-15
Renta Persona Natural,declaración y pago (ago-oct),87-88,2026-10-16
Renta Persona Natural,declaración y pago (ago-oct),89-90,2026-10-19
Renta Persona Natural,declaración y pago (ago-oct),91-92,2026-10-20
Renta Persona Natural,declaración y pago (ago-oct),93-94,2026-10-21
Renta Persona Natural,declaración y pago (ago-oct),95-96,2026-10-22
Renta Persona Natural,declaración y pago (ago-oct),97-98,2026-10-23
Renta Persona Natural,declaración y pago (ago-oct),99-00,2026-10-26
RST consolidada Renta,declaración anual (abr),1-2,2026-04-20
RST consolidada Renta,declaración anual (abr),3-4,2026-04-21
RST consolidada Renta,declaración anual (abr),5-6,2026-04-22
RST consolidada Renta,declaración anual (abr),7-8,2026-04-23
RST consolidada Renta,declaración anual (abr),9-0,2026-04-24
RST consolidado IVA,anual (feb),1-2,2026-02-16
RST consolidado IVA,anual (feb),3-4,2026-02-17
RST consolidado IVA,anual (feb),5-6,2026-02-18
RST consolidado IVA,anual (feb),7-8,2026-02-19
RST consolidado IVA,anual (feb),9-0,2026-02-20
